상품명,가격,url
나이키 주니어 농구화 키즈 조던 아동 초등학생 팀허슬 코트 배드민턴 운동화 GS 여성,"48,900원",https://cr.shopping.naver.com/adcr?x=PTp5XPgM42X6RYkgsEbpi%2F%2F%2F%2Fw%3D%3Ds4LFHxaqQsNd2TCZdTDENesFSo8y%2FLOSQuLdPyk4jeQHlCm6x%2BgQhd%2BxdDLc%2FHjPb3w5lyZpQQusL%2FoAYyTGiTDXJD0NsZoE8wg%2BLc2SvDZhHRaISaXjSXtxpkOUV9xcVuG1G%2BhRrF3GrJewYvSwBm7dqwa7oZuQ9oKxVpaD7hA6Rc6cnxzBJjCo2wG1gChi0hNAWEw0JCsb7LJXBJqKWV9015zgK%2BP5r4ZCysDfiDpXSbaCb%2FMwMz%2F3E7X8qZQYThfQYvDkTv93OgtvucghS60nzOhRYj4Vpyh7LWp6ostBVXemfpmeX70wC2wQT5nyi5pxiwDZPU40LYzhHX%2FcRv4vGM0A%2Fh7wnoeXtcFZcOhopCcINF8ReuUf%2F8BmAbLrlYUYkjdRhQocJePamb%2Fq88VTqKGOKPquG5D9me2juBqiy%2Fg%2B%2FSRal1BwobMCCgGuXqPQ2WfA9QX8GvU3RXycKjRzOWPT8iFSC29tlM4GjjjpLNw4ID1CLc6g3IZlxsCsXhXh3jBCNHh0f0soMfctc9A22SR8CCrfgJ%2F4nPJPnl8FokLmZK1ThAD5ZGqjhys1BaAIhVhpjbIr34oIAdAHLwehuR5%2F9tZic2KoM3FC78b4AR2XZAp11KU6GjvQENPF%2BCBZKu0od%2FV4P4aeQOPR2r4IS%2F0dJokXtJxtM%2FY9Zqn748LPNPfaKtsTyIMX%2F%2FXNPQLPWn48vI0AvgAlxAnZ%2F0AN%2BQsjK6V0FLd%2Fybx7qcubNSE3OzZUT76KyqzckASmm&nvMid=87186229492&catId=50001438
[국내매장판] 나이키 조던 맥스 아우라 2 블랙 주니어 농구화 CN8094-006 CN8094-102,"58,000원",https://cr.shopping.naver.com/adcr?x=CM60LT2r16tHjcL%2FdmqqHv%2F%2F%2Fw%3D%3Ds6BtYDduP4IsgI1N%2FIaPCvXkpRhf3rxK4fj4kNudeGMpGvCJ5VDo0OkZfWBPRmILmKpmhM5BtZ6l%2BNv0SseU6AcKdlAuo4CRofAy%2FiHp8jqv8RtWXQ%2B4yWv%2FzzZujOpojmPiDyyV4X9O0QNdDJymink8BmcBQT%2Bdma3UX%2BNmiGYbPZsh2scoMUE6fd%2Bg9jZiQyaxxRm4H8HcYDi0B3B3iQmfQT7uWwvxdz8nMvhXCKF3ae8XV3veAcC1tnl1r8qVrZznAAH%2FDJkgOxgHmnSf1jTForf4nGUgPwiv53t%2BtlmqAbCY81f975eS5nfR25FBiP83WAv8GAIoQ0MwLPWeb%2Fd3bmvpRs2EJKBNwDj%2BMFdKKl%2BsLP671s%2FnH5uAce2OH6WeZGNkZYbW5x1irENPzDGfQ7HfTu4J6D2oyvNUZ6%2FWMHn7BDBNaqXNmoKbAeTMv01uJnEHjhE4cGAtV57F%2BkUSL9gvCoCr6QIuQWtrcaABHsUOkEEWbZgjJxMHgn7XuZWM1dPqoqtJ7xxX4Zq6L2jZ%2BKdbBKfUaQSQQ3Z2OYM2R1RtVCb1WTB4oKpWgoGy%2B4mufDjTGZnWJJlJnCAJ5iIASu0VnZc0cnI74bBeYj8nFBgP%2BgmA%2Fv92724B9%2Bsu0rBr0mWZyQNskAlQQa9x8QWoe9ieT0ujo9fPE6un4lXPckgIOEWzbD5i4iF0RdFH8WPT3Lk%2B7bejyidcZqMNE%2FEHQIiXcF4qwUXZ2sX76wW8%3D&nvMid=88901069701&catId=50001438
나이키 야니스 이모탈리티 4 EP(FQ3681-101),"79,000원",https://cr.shopping.naver.com/adcr?x=zjBPAgm63dMxkGsw76mqVP%2F%2F%2Fw%3D%3DsmLr1368xgm8Qbyb23yAFFyH90%2Fob9DlAfRf9e8QBxbVGvCJ5VDo0OkZfWBPRmILmdX%2Ff961INzrle%2B%2FT5Y2quMKdlAuo4CRofAy%2FiHp8jqv8RtWXQ%2B4yWv%2FzzZujOpojmPiDyyV4X9O0QNdDJymink8BmcBQT%2Bdma3UX%2BNmiGYbPZsh2scoMUE6fd%2Bg9jZiQyaxxRm4H8HcYDi0B3B3iQmfQT7uWwvxdz8nMvhXCKF0SJcAn8BFN%2BbgS5bQWhd5eQYqMhmHNSJbnCrgS7j8UhxKy3LoYl2rVajvOxbF9h7C54J8UO7LDGXdPU9Do8oyMXmq0wb8nQ9S1CNyVqQgAyH6h9eUROsCckispc%2Bs3vFonm3fJKf%2Ffs%2F33cbVxWlQE3cjQrMzneG21QgpXFgvQyRpR0hwrbBa6jAR8V1KGiN5EVp0igryvMeq7nwyxkaknnAAlf%2BBsF65TdWz5oCEmpRdq2pSRAzkco3fD7DGCzrLw6hU2Y1rdJzl9b5UL6E83YsOXhFuK1TX25jTuVxCmXRYbuJ20U%2BdP%2FFCd5KbPcBEO2aj1YKthqj%2FFaDtjn82gOs3lF%2FMNBJHWpsGFvAq7K2rQtFzi%2Bcn5TwHatO%2BgSyzxxIa8CSp7OXfCFR9J%2BKC5A35CyMrpXQUt3%2FJvHupy5s1ITc7NlRPvorKrNyQBKaY%3D&nvMid=86506888954&catId=50001438
[국내매장판] 나이키 농구화 농민화 조던 맥스 아우라 2 화이트 짐레드 CK6636 102,"83,000원",https://cr.shopping.naver.com/adcr?x=Hl3HjtbN%2BE8kY%2F5QvYMxOP%2F%2F%2Fw%3D%3Ds9CM5Hcr7SHHAoww%2B63lUAxCmE9Q%2BgaVeIqJ2DZs%2FfAlGvCJ5VDo0OkZfWBPRmILmUhONgG7ULn6HccMOt08WpcKdlAuo4CRofAy%2FiHp8jqv8RtWXQ%2B4yWv%2FzzZujOpojmPiDyyV4X9O0QNdDJymink8BmcBQT%2Bdma3UX%2BNmiGYbPZsh2scoMUE6fd%2Bg9jZiQyaxxRm4H8HcYDi0B3B3iQmfQT7uWwvxdz8nMvhXCKF3k4tz8Pq8fdcNbU1gHdKPoZznAAH%2FDJkgOxgHmnSf1jTForf4nGUgPwiv53t%2BtlmqAbCY81f975eS5nfR25FBiP83WAv8GAIoQ0MwLPWeb%2FcAkC5RMRevqWY6s4T%2F%2F0fD9u6pUwhJQjJcuaMDDI2SZ6WeZGNkZYbW5x1irENPzDFEnoFZtzNzq%2B7c9uNVGJlCMHn7BDBNaqXNmoKbAeTMv01uJnEHjhE4cGAtV57F%2BkTO1sD8LEjHZhwmNCm4ycC9HwJThB6Pvfa2It1GJqttstD28cr4gzZZ2J7Ytt0SBC69xyhJ%2BO4FQTUulTtq7d3GgrfMU%2FkbIHub2Ixi82Ik4QKoWC1aJ%2FrHOxV7w5T4WHdo%2FACNPkA2mRag1zZFjRjLpfFN%2BtwHrRiwgjeMn%2FQCGD%2B1GzYyCQAVsDO6ulMSblpOHjpeMcPPT%2Bx5ebRcf2LQhGZhw5Y6gBzz9W4dUJsvnywIQ84suaer2Ig%2BTFvpJmoKoDr6us%2BRKRCOTdsWr9TI%3D&nvMid=88336423891&catId=50001438
국내발송 나이키 자모란트 JA3 EP -맥스 볼륨 자3 농구화 HF2794-600,"165,000원",https://cr.shopping.naver.com/adcr?x=U3driMbx5Rknfl0nr%2FJ88P%2F%2F%2Fw%3D%3Dsj4KrvzYf1Pa5y%2FjzphCrzlyHJyBZrO5TPb67dmmDFQxGvCJ5VDo0OkZfWBPRmILmkUf3Bex6TMv%2FmhYy6pf%2FPcKdlAuo4CRofAy%2FiHp8jqv8RtWXQ%2B4yWv%2FzzZujOpojmPiDyyV4X9O0QNdDJymink8BmcBQT%2Bdma3UX%2BNmiGYbPZsh2scoMUE6fd%2Bg9jZiQyaxxRm4H8HcYDi0B3B3iQmfQT7uWwvxdz8nMvhXCKF1tuHELLE6KrP02y%2B4FUTBMZznAAH%2FDJkgOxgHmnSf1jTForf4nGUgPwiv53t%2BtlmqAbCY81f975eS5nfR25FBiP83WAv8GAIoQ0MwLPWeb%2FQ9OY2UVaurFdYOhozdwAsnBxMQTDJSfwMU603Xb%2B58V3cjQrMzneG21QgpXFgvQyQ%2B839xH%2BH7fax5iYZ4%2Bb1np%2BWgLGvZiZkHmgOfnw6DoNyPB4NiFpilZS2y3WxJ496nIqta74k%2FZMbqA6xameoreFkYu4QFEPDN2FnOs%2FQUqvAqvrM6YNOkLel3IfnW51mfcBchMYqJCl6IpE1L1555Y%2B5L5VeMPYgPW3fWIDy4va%2BFViLjNp%2FFiADU3QSAB608AehojS9Fh%2FapOOxtjTeTkTSKEsM7aV5KGncmScb6WaZl5QUVb60Rs4eOgLBZLU41eXJvCC%2BYflM%2BD9fXWeLZvU2Y6hEEwGxc1AZfON9sL4VRAH%2BsMDObarUodGweR8Q%3D%3D&nvMid=89885900089&catId=50001438
[국내매장판] 나이키 조던 맥스 아우라 2 GS 주니어 농구화 CN8094 006 102,"64,000원",https://cr.shopping.naver.com/adcr?x=X%2Bb2iBE9HCCjZtQfbYKe8%2F%2F%2F%2Fw%3D%3DsKDX%2BtbMq5yOeouHVC9Rdw8GC3XPWwbBzus2AyaEyx99SiI%2FBjfMI9uWTKe765FvF1Din58TUDDc%2BeGoZm34672g6HabDTRx466CGciRiUnFBZuMfzSBinsMMtj7lqMfUxIstzGiatq8FUiURlENxebfgUNvhKikBxtfbhUT%2FUAId1uhfjIbhaL1mPJmTRj8NRL6iu0rN9ANYEXkZX8p%2BoSEm%2FeWMmjv1VUimPr%2BbdY4OjztCGsPI6r6eyB3he1bIQ1pu9SxBx9jmyq0tgSOnxCGHDvsGQoUHd%2FG2Ez5s1IA%2Fa18qhDQ1A%2FKJp3fgBDor391W%2FC1w5SVs2sYtTdFSekDwHZrpowcuynBHxccPqK7Veq7%2FBk0o%2BTcxPOhgqN8QQS44EW6Is%2BkRQBNsm4Gxv1Xai1Sug2JU8JNbtprXOxcJdEzXKZAsTRuKaylQdda28tyIGs2Qp6g6ONKcCaj8nR5f1WFEDSqumycbclrrgvWnlomZI281x12F6%2FduHzYA4AdQyzXn8D6SS94Xfrn3MbG20ZivU00fgnltIQ4Ab9OUwdk%2FMDELReYJOWVvcDSAOrB7Wa85Oljks5uWp121rxv%2BOCfkd5aGxKzYe4aKfzUP7UbNjIJABWwM7q6UxJuWx32o%2FOOe93OXl4YSfwdzZ429AggTL%2FpHkZhYtaOEUrF8FQkOevvM3LhSd6SOqcf1gqgOvq6z5EpEI5N2xav1Mg%3D%3D&nvMid=88523365172&catId=50001438
나이키 사브리나 3 EP 블루프린트 농구화 HF2882-400,"159,000원",https://cr.shopping.naver.com/adcr?x=ks8ooFfLdl1vKSq88GjWdv%2F%2F%2Fw%3D%3Ds6D2qmxpefiuhN5%2By%2BsnaOrHx9ZSSuSMES2RU46b3qbFGvCJ5VDo0OkZfWBPRmILmo6G%2BVszkBNyq3bQzRCPtWsKdlAuo4CRofAy%2FiHp8jqv8RtWXQ%2B4yWv%2FzzZujOpojmPiDyyV4X9O0QNdDJymink8BmcBQT%2Bdma3UX%2BNmiGYbPZsh2scoMUE6fd%2Bg9jZiQyaxxRm4H8HcYDi0B3B3iQmfQT7uWwvxdz8nMvhXCKF3BzNRQObD6x58qk7zXIuNbZznAAH%2FDJkgOxgHmnSf1jTForf4nGUgPwiv53t%2BtlmqAbCY81f975eS5nfR25FBiP83WAv8GAIoQ0MwLPWeb%2FVt3%2FuKpndxTYSsKpaJaXvpatM6Keit3arqUkeGMJskK6WeZGNkZYbW5x1irENPzDNExguwEr%2BpVdnKUWTMCWjmMHn7BDBNaqXNmoKbAeTMvTHGfOI0cSPqS2zi5%2F%2BK8OMI4gnVd4ROfu0gwzKYDfsTBQF8K2Yf%2FX2CHfJf%2BXPL%2FAgc1vI5OIDQR1SDTNBnULe%2B4x5v97s5foVDQmEgLyeAqmRvz%2FdNdCJwJq8X5fGC1NDGCBudCft6iY88DY8HQvVXHP8MKQY9c5euLL7Npi7UE1vhL6ZZKBxOTmSlMqtu3TEnvrBOf1YV7%2BdeLHc0dJlaFndIwdNwuWmKtx1HNSCrUkiyUGZ3FpPHvE7X48%2Bhb&nvMid=89861479831&catId=50001438
국내매장 나이키 코리아 르브론 NXXT 제니서스 EP 남자 농구화 HF0711-300,"58,500원",https://cr.shopping.naver.com/adcr?x=rmefwRL2pdD8W5Po8wA5Hf%2F%2F%2Fw%3D%3DsPMmFIgDcyQHSzlSpJj7Qeg1wBNxltraBAId9OGlWxJtSiI%2FBjfMI9uWTKe765FvFdJWkFtkxxSXQP0T12F40vGg6HabDTRx466CGciRiUnFBZuMfzSBinsMMtj7lqMfUxIstzGiatq8FUiURlENxebfgUNvhKikBxtfbhUT%2FUAId1uhfjIbhaL1mPJmTRj8NRL6iu0rN9ANYEXkZX8p%2BoSEm%2FeWMmjv1VUimPr%2BbdY4tYh%2B5iIHiU8T39%2BE1s%2By4Q1pu9SxBx9jmyq0tgSOnxCGHDvsGQoUHd%2FG2Ez5s1IA%2Fa18qhDQ1A%2FKJp3fgBDor391W%2FC1w5SVs2sYtTdFSesxo414YykEfjhSfJ5BDYbaRBLbBRhCgG2hp9iYea621QS44EW6Is%2BkRQBNsm4Gxv4mRDl1%2B1GJGAEZ9G3RctnRldNjrrOBEueRx%2B7i8Z0cvbK8xXXbUDP5g%2BSFldhzEwMa90wwr90ACPxT3S%2BhCHpkHyXlHXElAYK63%2BYeojYsVkt18NMCaqjhW1FoFlZ6tN8exuW2JefIHdGheNwittlyD%2FfPfaWCfQHi%2Bq%2Bcvaek1JKLAuA%2Fod0KDiQILrvNQwjMwCbyTg4IA1Updyb6%2FNYgP7UbNjIJABWwM7q6UxJuWg4ClIusKgPpNCUk20KGmHphMDBcyicvVwnKfbSCS5ZXNXW8k6fIV4fGd%2BJhLxmXOgqgOvq6z5EpEI5N2xav1Mg%3D%3D&nvMid=89445998860&catId=50001438
[국내매장판] 나이키 농구화 에어 조던 엑세스 브레드 검빨 블랙 화이트 AR3762 006,"79,000원",https://cr.shopping.naver.com/adcr?x=p6ZwDiBRSuyxmEUwUqys2%2F%2F%2F%2Fw%3D%3DsT1p2wmco3jrakSevWWNpOJc04YaZe86MsWYuk7sJlPXlCm6x%2BgQhd%2BxdDLc%2FHjPbrYVSBN0RDC1f28l5aWhoHTXJD0NsZoE8wg%2BLc2SvDZhHRaISaXjSXtxpkOUV9xcVuG1G%2BhRrF3GrJewYvSwBm7dqwa7oZuQ9oKxVpaD7hA6Rc6cnxzBJjCo2wG1gChi0hNAWEw0JCsb7LJXBJqKWV9015zgK%2BP5r4ZCysDfiDpWWefzssis9bhRYShpS8BukaIA0fHNTZTj2Cz6cCvkvfEnzOhRYj4Vpyh7LWp6ostBVXemfpmeX70wC2wQT5nyi5pxiwDZPU40LYzhHX%2FcRv7rixBncltVhSv%2FvhyvE3wZXdo1WJB914YcOU7fkIaWjYUYkjdRhQocJePamb%2Fq88e4UTHr0cDjfcii1RHz8lZduCX7qfKw3uLKVJPL7EEChMAUhzzbE8xkqE%2FH%2BRAFYiMEAm6qPvN3021qB%2Bqk7gK%2BNEzt9eagvLfnRsv6q1vlkrPEciNyU5lIGPLzM6pNbkonNj8Wh4a3V6EeM38qGlgjg32da%2FS2IidRHJbWX165dO7y3GKfbx7CMKQ3bNkuhBM77%2FLR02091TiwQgUgEOHlLUxB4DPs4sFsIuYo7tBWEa1jS8Ua1hwiaLnWMxworxsd27mRbtGTj3YFxlxXd9red5NAv6%2FUIpwSznblIAh1syDfYg6KO32aEj%2FwgHC%2F4z8tVYavx%2B%2B8fWZa9SBc8rqM%3D&nvMid=85909540034&catId=50001438
(국내 매장판) 나이키 야니스 이모탈리티 3 EP DZ7534-100,"61,000원",https://cr.shopping.naver.com/adcr?x=k4fhE7j4PdDwrUAh%2Bodcnf%2F%2F%2Fw%3D%3Ds9jJAXVMeu0a0qJ7CMwo0mzeMhWGSecVox%2FbzENmPHmflCm6x%2BgQhd%2BxdDLc%2FHjPbMIRsKkI7BiyvODhycVnf9zXJD0NsZoE8wg%2BLc2SvDZhHRaISaXjSXtxpkOUV9xcVuG1G%2BhRrF3GrJewYvSwBm7dqwa7oZuQ9oKxVpaD7hA6Rc6cnxzBJjCo2wG1gChi0hNAWEw0JCsb7LJXBJqKWV9015zgK%2BP5r4ZCysDfiDpULt7p0hqqBPrL8QWqf2G%2FbxO%2FNKtzE2p%2Bw3UkDVcRebcQ6rdokiZlnBZhVWbnuXZrDpmNu2Rs3tEPrV0ZTODsbWqyaFa2xLbpwGCJChqMDqmWXOMB5Bo9VT7VKdbR4kVZkbQDHwTvrStRhsx%2FHeA9RfF%2FpXGvkEo3dFOSf0iOLBvXNNu5f6qPNJAvWJiyqrQn23KEnkvm%2F8smOAotQnaruPdw2r3K5Kk979znBg7gnXBzrM0r6tNx5ZcYHgIZu0HEVJ17UK9r8mfB0tJDQPVVxmxqVZuwkycfeKV2JyjIdaZA7WdMHMW8zIe80LdpA104ItxgwL2EzM9FHih%2FTGYITM%2Ff5u%2FHz65cTS8TAZX78XXR9INs9ZpxiOekV5%2FkbMXHagqoLqFTlJ67sIvUDxoCa2xQcXGNYMhGJIDJP3jKNPNU12bGdyvLhgivL7PJ5IK2FbDf4gHI5rSMJU1BWcIOg&nvMid=88310405485&catId=50001438
해외아식스 젤 버스트 26 로우 1063A057-100,"최저68,000원",https://cr.shopping.naver.com/adcr?x=gR3%2BrR78HaQc9cfMZKdLAv%2F%2F%2Fw%3D%3DshNKRpJWHnrTBTF1qadGH67ohR737PmsPyZ1Njqn2w8lSiI%2FBjfMI9uWTKe765FvFI4ecuPBBvWP4aWQlMx3IlGg6HabDTRx466CGciRiUnFBZuMfzSBinsMMtj7lqMfUxIstzGiatq8FUiURlENxebfgUNvhKikBxtfbhUT%2FUAId1uhfjIbhaL1mPJmTRj8N334rL%2BbR36BhYe0R%2FrUmjkI1yUrC8vID%2FKz%2F8c89qMtRK7LOFVGc46wMJyoHYMJEHVUVK6663DkIEm0wViA6pP2KdV%2FhEoOcsg1VF3o8xthBioyGYc1IlucKuBLuPxSHErLcuhiXatVqO87FsX2HsLngnxQ7ssMZd09T0OjyjIxearTBvydD1LUI3JWpCADIoMIAczVI1ixX9lveYfmGnWovNxFWzA781dOsDXmXgY2YpMUNHhUA8sC8xKjEVL3pJ9iGWNJ6wZMsV5S3TihD8pw9%2FDMX2S1ZzF2txO07wpSQva6Eg1cj4wb%2BbrwYtGsycEw936WLXJ%2F9k9jZdQ0AywcUZonNlt3qa3VyCnV75j6pNvnOKpPls6RhryJcHG4%2BOT6%2BWa2eptx6O8q2IukgEbruoVk0MBFhxmRFA1PBjCkwLHShnxU9zk3HOUOjQXh91j9KpMFZr1yHHeX5uAb7z%2BYHWTQGmaMrvTEFAoUUYnmCqA6%2BrrPkSkQjk3bFq%2FUy&nvMid=55800841845&catId=50001438
나이키 GT컷 아카데미 TB EP(FV1299-105) 지티컷 농구화,"89,000원",https://cr.shopping.naver.com/adcr?x=5fWfBtSYa1mY%2FeLd3SmHEf%2F%2F%2Fw%3D%3DsjJB%2BQplWgnWVzEi2O2IbgfIXBoFQOZJlZz4StIc0djXlCm6x%2BgQhd%2BxdDLc%2FHjPbNJSWVW01PcTBFKt1wZwiKzXJD0NsZoE8wg%2BLc2SvDZhHRaISaXjSXtxpkOUV9xcVuG1G%2BhRrF3GrJewYvSwBm7dqwa7oZuQ9oKxVpaD7hA6Rc6cnxzBJjCo2wG1gChi0hNAWEw0JCsb7LJXBJqKWV9015zgK%2BP5r4ZCysDfiDpUoAAgHaYLH4gFGm%2BcHBuEb6rMEe3N6tINDRjXMbcf1ccQ6rdokiZlnBZhVWbnuXZrDpmNu2Rs3tEPrV0ZTODsbWqyaFa2xLbpwGCJChqMDqg8M6ie86REfyeJkr6ct8imDu3GMsJwVbdVqghuKxmlFfF%2FpXGvkEo3dFOSf0iOLBrO8X%2FhRFJmoGO5OH6HQrNk3%2FOBf1gw3Co3bMD%2Ftv6e5LaUlPnGYsGZ4%2FshHIOWHTfj%2FICDhXG7I5xtMzXLAowoDR9%2BMSQzjgPuOMrVEA0SnYSidlsQf4JzRG7XpUoHIhNUz6m85yJRN71chzHELMx4%2BvDFGyNbTWOy9OLlRgPao33Fb0pMARQ%2B%2B112iTK3ueB3BLjwRcBTLvwRoeYF9ZEVjG59PJdPujlY%2FMnN5%2Fk6UGW6TAwWxOjgi5V6h%2FtJLOaBR5y41YeDFtSOfZsoMCQJB0CIl3BeKsFF2drF%2B%2BsFv&nvMid=88830380781&catId=50001438
[국내매장판] 나이키 농구화 농민화 GT 허슬 아카데미 화이트 핑크 EP FJ7808 100,"59,000원",https://cr.shopping.naver.com/adcr?x=TlQNz1wd0TppAyvvS2Lpg%2F%2F%2F%2Fw%3D%3Ds4rQng81GzVx3n0A0%2B34K9QibeuTfepC%2FUvTm%2FGqsMLBGvCJ5VDo0OkZfWBPRmILmSjlIzduCAustqzKqE02PPsKdlAuo4CRofAy%2FiHp8jqv8RtWXQ%2B4yWv%2FzzZujOpojmPiDyyV4X9O0QNdDJymink8BmcBQT%2Bdma3UX%2BNmiGYbPZsh2scoMUE6fd%2Bg9jZiQyaxxRm4H8HcYDi0B3B3iQmfQT7uWwvxdz8nMvhXCKF3eiWdU55wOF9nLq9LgkolgZznAAH%2FDJkgOxgHmnSf1jTForf4nGUgPwiv53t%2BtlmqAbCY81f975eS5nfR25FBiP83WAv8GAIoQ0MwLPWeb%2FaOBVlKdglJPS3dXGIRUuBL9u6pUwhJQjJcuaMDDI2SZ6WeZGNkZYbW5x1irENPzDCk0ZdBXTkQueZYZJbPJFkOMHn7BDBNaqXNmoKbAeTMv01uJnEHjhE4cGAtV57F%2BkTO1sD8LEjHZhwmNCm4ycC9HwJThB6Pvfa2It1GJqtts8BzUlW6kgETQc1N9%2BzfxqIYlMOtTT5j21LIz4ztTqIUFiwFLIyypPrczF575d8xRIT%2FZnBl%2FssDOBWh9Cc35pPseSBuwtw%2BZMS8GQ%2BUYmUajXzj3jiLtxEglSAXasjLF65%2Bwk68dwGKDYuEolNIQ27ZCKB7n0vlW3UkX8XUuipfjzIO%2FQawh91aevme8B4CMUnXHGyKHkDrCDq0bb0BwYUHQIiXcF4qwUXZ2sX76wW8%3D&nvMid=88830836324&catId=50001438
[국내매장판] 나이키 에어 조던 코트사이드 23 주니어 화이트 AQ7734-100,"49,000원",https://cr.shopping.naver.com/adcr?x=gIsB%2F3yrQpCkAwqJfzmGJP%2F%2F%2Fw%3D%3DswcvQYrTXK7GFdIBI2Cxmv6Y5mE7ebfhE0FqOWaAPDn7lCm6x%2BgQhd%2BxdDLc%2FHjPbkFmEUxecRzlyj2SsJfgKGjXJD0NsZoE8wg%2BLc2SvDZhHRaISaXjSXtxpkOUV9xcVuG1G%2BhRrF3GrJewYvSwBm7dqwa7oZuQ9oKxVpaD7hA6Rc6cnxzBJjCo2wG1gChi0hNAWEw0JCsb7LJXBJqKWV9015zgK%2BP5r4ZCysDfiDpXTHIHDJ0UpqsklbYc8KgVbxpctEFpAKsowXXYcuBEfIknzOhRYj4Vpyh7LWp6ostBVXemfpmeX70wC2wQT5nyi5pxiwDZPU40LYzhHX%2FcRv5jFWmo9zNt5cnHSRnpcHMZXdo1WJB914YcOU7fkIaWjYUYkjdRhQocJePamb%2Fq88af%2FA0XQYMVM8%2BamHp6Dx6FKI194O3yVGRkTAKu5NZTnMAUhzzbE8xkqE%2FH%2BRAFYiIW74qnYkcq97cGHCiHLij8gn1ynb4rCYzPdRrj85tBTcnWdjG5UccshrHMt8a7VWmgeHH8t5u%2BAUyT9Mihs7hj4sYN556rrDjgdQms%2FJUMX2NV8GiRKdplyiCXLekb4TpI8R40dzdRctdr8h8f5ICsphM4Xkqwer6KAYBzWkB5nU0YBksiqa7z7jDl5Ivd46nezmeacZO9JqcSn%2B5q%2FHs%2FmkynURd0%2BUl9ERpPZxCQAzY6of2Xpggjm6A4Z8HgJhg%3D%3D&nvMid=87395021589&catId=50001438
나이키 르브론 20 EP 올리브 스웨이드 남성 농구화 DV1190-901 [국내매장판 정품],"169,000원",https://cr.shopping.naver.com/adcr?x=6XkRDVUJaiBd3roTUAmUqf%2F%2F%2Fw%3D%3DsxGzRijB2N1OL%2FK1yKtjNniWJxS%2BSQeSBqezlpgzWswdGvCJ5VDo0OkZfWBPRmILmC9cHQsSHnCQvyn3x%2FoJ5gsKdlAuo4CRofAy%2FiHp8jqv8RtWXQ%2B4yWv%2FzzZujOpojmPiDyyV4X9O0QNdDJymink8BmcBQT%2Bdma3UX%2BNmiGYbPZsh2scoMUE6fd%2Bg9jZiQyaxxRm4H8HcYDi0B3B3iQmfQT7uWwvxdz8nMvhXCKF2%2FtQd%2BeZF8KrwH5tykJNnjQYqMhmHNSJbnCrgS7j8UhxKy3LoYl2rVajvOxbF9h7C54J8UO7LDGXdPU9Do8oyMXmq0wb8nQ9S1CNyVqQgAyLjS4vQHbDYj0btfrd1KEnFn0xsMLY6FHrq7Zccnq9BD3cjQrMzneG21QgpXFgvQyYldfLFG%2FeO%2FXWeL6UAhmMdEVp0igryvMeq7nwyxkaknJicQ4izAiwZUaKjvWNdpUbVHsiwH%2B8Io8glqhwsMN%2Bb%2Bty%2FHqZvU7nnE4tFmTqU2LPuIR1dMBpBf0tvUBAtoTTiZL1F6PF2%2F8%2Fw2RXPGX6%2F4ErZcEcuw4u8wW7i49hnwKtPmpfHL6kNk1fwIH1zhZOudZGoiX6j8MPmUGfYrG7XPaw%2Brx3eij0oKlql39LtE6g%2Bsm1cSbvynqRYb7ENYsD2Kjbzniaoh2FeRu0l5Stk%2BWkmzXBjvWD2sFmEdNIMZnAT0SHAN43uhJQa%2FMNvlcgau4fTwOUqyF63FjwpQRls%3D&nvMid=86795055296&catId=50001438
UNKNOWN 그랜드스테이지 써코니 엔돌핀 스피드 4 W S10940-11,"최저126,490원",https://cr.shopping.naver.com/adcr?x=%2B0qCcKQb2aMq%2BFOZjVFDXf%2F%2F%2Fw%3D%3DsiD%2FR09x0lALSYZF7meNMlVTfYCXSxFStdf%2B8KFGz%2B2lGvCJ5VDo0OkZfWBPRmILmds9azBzKZoZAMDeUJhsSPcKdlAuo4CRofAy%2FiHp8jqv8RtWXQ%2B4yWv%2FzzZujOpojmPiDyyV4X9O0QNdDJymink8BmcBQT%2Bdma3UX%2BNmiGYbPZsh2scoMUE6fd%2Bg9jZiQhmeWtJmvw8M90EK%2Bzy5a114nEdwofithSFzlLG8az9CU67d2adL83RVUeZlrEnoBh4Ppu01ZhicvQ%2F0bOyKdU4gh2GUvosXO1uPLAgoYvdc%2BYn8rc0jk6BxBPgpqZ3xRSfM6FFiPhWnKHstanqiy0FVd6Z%2BmZ5fvTALbBBPmfKLmnGLANk9TjQtjOEdf9xG%2FuT1KV%2BlFn4LEQt3soUHXciEhb%2B5%2BbgCLWD5ufmjwVaDdyNCszOd4bbVCClcWC9DJybYTViRMCBUIgclf7SbrrKAhfbmRc6T9Q91MqoVII6pVyTCifdfvVyeUci9cB4WDoiHUn%2Bp3QhR4Dg1xJ2gXHhvVeV03jJQDVy%2F70NDdiwIRruHuszQlJfdERQHeJZ%2BVOfrAArgz1VI0eUUR7InW%2Fqk2%2Bc4qk%2BWzpGGvIlwcbj66A8T7arCQh4gzsNul4mhn96yuKM%2BKWZiv5UDMz9nzwns3T4qzSBIVN2HAysFdoOTWFb0rVTZLyDHANEfYurWvaeV4ypUzEXCzA5leM4soO4KoDr6us%2BRKRCOTdsWr9TI%3D&nvMid=56640079426&catId=50001438
언더아머 남녀공용 커리 12 Gravity 커리12 농구화 3027629 100,"최저132,300원",https://cr.shopping.naver.com/adcr?x=%2FYz6UKbCTb4RDdu37ldxDv%2F%2F%2Fw%3D%3DsZIg5tofbibgPWCVcrWiTFNQaNgLf1Y2utrKbi%2B196zhGvCJ5VDo0OkZfWBPRmILmVFE6z9npOJcdBik%2B9XVT5MKdlAuo4CRofAy%2FiHp8jqv8RtWXQ%2B4yWv%2FzzZujOpojmPiDyyV4X9O0QNdDJymink8BmcBQT%2Bdma3UX%2BNmiGYbPZsh2scoMUE6fd%2Bg9jZiQhmeWtJmvw8M90EK%2Bzy5a114nEdwofithSFzlLG8az9CpZ0y5tAiwNiZ9hiXSDZdOh4Ppu01ZhicvQ%2F0bOyKdU4gh2GUvosXO1uPLAgoYvdc%2BYn8rc0jk6BxBPgpqZ3xRSfM6FFiPhWnKHstanqiy0FVd6Z%2BmZ5fvTALbBBPmfKLmnGLANk9TjQtjOEdf9xG%2FbXyY1U2y9ghRO0cFPxzasiEhb%2B5%2BbgCLWD5ufmjwVaDdyNCszOd4bbVCClcWC9DJ2gYyjq%2FoMj2WnzznHnurm6AhfbmRc6T9Q91MqoVII6pRWzQS%2FugjxJifnMJCkCyBbpUQJc%2FDdIaiILhkU23WvAxuY9tZNhZ0G2RZLczpMCDw2EdiKC1317uO9VPPyn7%2FeLxHWTmPhXZlG5YOODR45CLdbZL1FFgy%2FiyCWWesM1F1dZVqiH2g5h%2FRV%2FpXKt4dT%2BDzDxwp7nT02YxkVA94lIx254GBkRg26Zf0ClCmFKJGXGdelAaDMRp9VUyP2d%2FOb1NmOoRBMBsXNQGXzjfbC%2BFUQB%2FrDAzm2q1KHRsHkfE%3D&nvMid=52295251211&catId=50001438
언더아머 유니섹스 커리 HOVR 스플래시 2 농구화  3025636,"최저75,000원",https://cr.shopping.naver.com/adcr?x=y4%2Fof2vUT5xfJraQmwyeqv%2F%2F%2Fw%3D%3DsXsQMtKRPRc%2BmyViizUU3nP7%2FOGsCNnZcudMXKAJG89BGvCJ5VDo0OkZfWBPRmILmpCJ2T%2FrQAZvQEzIo3XQLbMKdlAuo4CRofAy%2FiHp8jqv8RtWXQ%2B4yWv%2FzzZujOpojmPiDyyV4X9O0QNdDJymink8BmcBQT%2Bdma3UX%2BNmiGYbPZsh2scoMUE6fd%2Bg9jZiQhmeWtJmvw8M90EK%2Bzy5a114nEdwofithSFzlLG8az9CV5kNxdOmbiCBvpx%2FbPWr3h4Ppu01ZhicvQ%2F0bOyKdU4gh2GUvosXO1uPLAgoYvdc%2BYn8rc0jk6BxBPgpqZ3xRSfM6FFiPhWnKHstanqiy0FVd6Z%2BmZ5fvTALbBBPmfKLmnGLANk9TjQtjOEdf9xG%2FQLdLQPcMk1EFnnu0XEIP5yEhb%2B5%2BbgCLWD5ufmjwVaDdyNCszOd4bbVCClcWC9DJAkqzVE3Xvlgj69Hs0MY9TqAhfbmRc6T9Q91MqoVII6ofNfp2PEW1VIitgsQxyHEUHNjrI0kFL15I61lHooY21ExHmLsXNEzsonPM%2BEhFchiWnt6qARs9ZIZVKFgdErGf3F1jU%2FGNXmDha1VNOhvdm%2BTE%2BbXDNUgcqs5%2Bl4ygkDELS4ZxbGjfUOQ8XNarrgtQDWrhHEcp0p%2F%2FKKziu53PdMui9UtWSfXXVsizALM5G0T%2BI%2BrpMSHGWenQ88QmA7yq5Hv1T%2FoDPeAT2ZD%2BWCfnsQ%3D%3D&nvMid=52633415088&catId=50001438
언더아머 커리 3Z6 공용 농구화 CURRY 운동화 3025090-001,"최저39,000원",https://cr.shopping.naver.com/adcr?x=CHwvrqOeBCtoBZYJW%2FtZwP%2F%2F%2Fw%3D%3DsXGozIGksG7jo3W%2FBlf0skyY4NZtuMuiIXCsP9Cr5gwRGvCJ5VDo0OkZfWBPRmILmNoypmG9%2BOGf1F8DTvY29lMKdlAuo4CRofAy%2FiHp8jqv8RtWXQ%2B4yWv%2FzzZujOpojmPiDyyV4X9O0QNdDJymink8BmcBQT%2Bdma3UX%2BNmiGYbPZsh2scoMUE6fd%2Bg9jZiQhmeWtJmvw8M90EK%2Bzy5a114nEdwofithSFzlLG8az9ATMEkA3WnIOEPmv%2BKt%2Bu6Ih4Ppu01ZhicvQ%2F0bOyKdU4gh2GUvosXO1uPLAgoYvdc%2BYn8rc0jk6BxBPgpqZ3xRSfM6FFiPhWnKHstanqiy0FVd6Z%2BmZ5fvTALbBBPmfKLmnGLANk9TjQtjOEdf9xG%2Frrl8VDhUpcFvOQ%2Bf52D%2FxSEhb%2B5%2BbgCLWD5ufmjwVaDdyNCszOd4bbVCClcWC9DJMEerUaurzz8bU5YcONKGfKAhfbmRc6T9Q91MqoVII6oytBHhOGedJfiMNtfouTrfzDdDY4NupIVE7HuskGtgFT6pc8pJ3ziJquVeQytkfnW5KK8GkF94F8S44LE0j7UGo64ifB9DVeZ8ffla9GlFdhYWe3AQCeW2pjK6J7svEVGN54ekWik68t7tlQLrsXIREaThcwm2jOjlPe7qD4n4614h1RlVIfzn%2BdOMgu1YauQYQO%2BTQz9YFgOY%2BJiD2Bs4aGimR4pR27mrh1IoDTOSgA%3D%3D&nvMid=53978355968&catId=50001438
리복 샤크 어택 농구화 RESO3FR2M,"최저87,960원",https://cr.shopping.naver.com/adcr?x=tROWUuMSjlhuRonTAX09hf%2F%2F%2Fw%3D%3DsojHwL8yH6mIsCyQXThaAErSO4TX0qucG%2FGA1L4EVW2hSiI%2FBjfMI9uWTKe765FvFCaHZM2pdpi9seUo0%2FZYT7Wg6HabDTRx466CGciRiUnFBZuMfzSBinsMMtj7lqMfUxIstzGiatq8FUiURlENxebfgUNvhKikBxtfbhUT%2FUAId1uhfjIbhaL1mPJmTRj8N334rL%2BbR36BhYe0R%2FrUmjkI1yUrC8vID%2FKz%2F8c89qMsPnyRmCUhM0riClrZXYx0gHVUVK6663DkIEm0wViA6pP2KdV%2FhEoOcsg1VF3o8xthBioyGYc1IlucKuBLuPxSHErLcuhiXatVqO87FsX2HsLngnxQ7ssMZd09T0OjyjIxearTBvydD1LUI3JWpCADItEyKtYninG5eeUBq6rt%2BFWovNxFWzA781dOsDXmXgY2YpMUNHhUA8sC8xKjEVL3p5pDOoaR2mH9sVSvCV03MT5w9%2FDMX2S1ZzF2txO07wpS9Rakvoj2AnApu2danmVTvH4NvX8RjT2dzFxnX86r6yqGc%2BtkShRugobmCPptcoxy7A%2F0vSPti8cHY4o2fastwVR%2BD%2FL1jy7OQOmX0vLrZkk%2FcRpJZa%2BASnD9IUaJgda6Ov%2B%2BG7P8zZs54SDuTec413TBCVTChQnBx88ma8MfAhPK8Ru9QADOumhOJtV77hmpoaKZHilHbuauHUigNM5KA&nvMid=53020894117&catId=50001438
언더아머 커리12 덥 네이션 농구화 3027630 001,"최저128,900원",https://cr.shopping.naver.com/adcr?x=2r8VspVmprK8kJQFNDIh3P%2F%2F%2Fw%3D%3Dsf9c8p%2FGdZOTVl3pc2kC4ghmy%2BJAIrE9DDL7K4saXGtpGvCJ5VDo0OkZfWBPRmILm0W8YLwm5p2XTk9f6gFiiA8KdlAuo4CRofAy%2FiHp8jqv8RtWXQ%2B4yWv%2FzzZujOpojmPiDyyV4X9O0QNdDJymink8BmcBQT%2Bdma3UX%2BNmiGYbPZsh2scoMUE6fd%2Bg9jZiQhmeWtJmvw8M90EK%2Bzy5a114nEdwofithSFzlLG8az9DtpEqgqA5m3h1PIgUDI6Nzh4Ppu01ZhicvQ%2F0bOyKdU4gh2GUvosXO1uPLAgoYvdc%2BYn8rc0jk6BxBPgpqZ3xRSfM6FFiPhWnKHstanqiy0FVd6Z%2BmZ5fvTALbBBPmfKLmnGLANk9TjQtjOEdf9xG%2FxI7Fm6ta5eV9kcbyNeT6fSEhb%2B5%2BbgCLWD5ufmjwVaDdyNCszOd4bbVCClcWC9DJ%2BLWW%2BuhVda2Wf473CbZt7qAhfbmRc6T9Q91MqoVII6pPBcXbGb%2FQM3w%2FGWuH649KShD9g9UPpx6F%2BIPYKFTd3s9GNBFDGfbF1%2BeLR2QB15JGZae4O4j%2BNVYyqXUSgLsfVXA2%2FktpWYJhgzdQGNj4uENncOlHyj6g4e19C1rTrRBRN64mBm9G8QruBkLDcHT64h1RtjV%2BmnQ7RsNx%2Bo9Zo5TpLHgN%2B5LO5mpxo5T9M14DfkLIyuldBS3f8m8e6nLmzUhNzs2VE%2B%2Bisqs3JAEppg%3D%3D&nvMid=51691236658&catId=50001438
언더아머 커리 3Z7 농구화 3026622-101,"최저69,290원",https://cr.shopping.naver.com/adcr?x=CFMheIeTP0HUjUSk0pza4f%2F%2F%2Fw%3D%3DsyGgZq2%2BxbzE3C%2Bk4ULkcMArr34u7G0QScqx6vQOQgmBGvCJ5VDo0OkZfWBPRmILmYEMjgooCneKEJKkP%2B%2FboEcKdlAuo4CRofAy%2FiHp8jqv8RtWXQ%2B4yWv%2FzzZujOpojmPiDyyV4X9O0QNdDJymink8BmcBQT%2Bdma3UX%2BNmiGYbPZsh2scoMUE6fd%2Bg9jZiQhmeWtJmvw8M90EK%2Bzy5a114nEdwofithSFzlLG8az9AWMEJsW5Bj6lqK8RvQALnDh4Ppu01ZhicvQ%2F0bOyKdU4gh2GUvosXO1uPLAgoYvdc%2BYn8rc0jk6BxBPgpqZ3xRSfM6FFiPhWnKHstanqiy0FVd6Z%2BmZ5fvTALbBBPmfKLmnGLANk9TjQtjOEdf9xG%2FpvECIhZEL5qjDS5WTh0YrSEhb%2B5%2BbgCLWD5ufmjwVaDdyNCszOd4bbVCClcWC9DJJ8%2FUQTk18ZmS7xDXI%2BMfs6AhfbmRc6T9Q91MqoVII6oytBHhOGedJfiMNtfouTrfJ8Ka0rJ2%2B9UfNoO5R%2FYX9PBC9y%2F42qgHGp9Xqe6e9yCvjetosoQ8MW03cKc%2FbX4pyE0CP8a6uQeOYFFrqYPoA5TL3ruaVJreZl%2BplMuLoOonBSJL4f8q%2FKgiU7fKWKwOROVYejZW8I6LbSgRBUbD3kveGxICeq%2F%2F2zXb8AddrikGruH08DlKshetxY8KUEZb&nvMid=52716168719&catId=50001438
나이키 GT컷 아카데미 EP(FB2598-007) 지티컷 농구화,"79,000원",https://cr.shopping.naver.com/adcr?x=7CO1QPL1NTtKvX1whUqW%2Bf%2F%2F%2Fw%3D%3DsgcDaum54zio3RHuzQzTXRwNYL9jNiP2S5lKE11yDiR5GvCJ5VDo0OkZfWBPRmILmW2oeMJpR15nKicORGmSgyMKdlAuo4CRofAy%2FiHp8jqv8RtWXQ%2B4yWv%2FzzZujOpojmPiDyyV4X9O0QNdDJymink8BmcBQT%2Bdma3UX%2BNmiGYbPZsh2scoMUE6fd%2Bg9jZiQyaxxRm4H8HcYDi0B3B3iQmfQT7uWwvxdz8nMvhXCKF3bMyuNHCkQa1iABYg51QCwZznAAH%2FDJkgOxgHmnSf1jTForf4nGUgPwiv53t%2BtlmqAbCY81f975eS5nfR25FBiP83WAv8GAIoQ0MwLPWeb%2FXeSGve0Pdj7iOQnta3tksXLwKO5daHxeg4TUtGnNfwk6WeZGNkZYbW5x1irENPzDKxYhsXqJfbueRZ6z6c3nIaMHn7BDBNaqXNmoKbAeTMv0nZsBaF%2FsJrs3K7g6FZlmnQTu8RK3zxCw0aVDLSybUerp2IVTe46ePB87SJLmjr%2BuE7qBX2o1Y5RL%2FUWmqbuicJyCXl7laQwELYBaEG31m4nxacitam5U14lKQdjPFFqo64FkP9CQbIx7neKc6Octd65%2BLVo9opj8WWv8ii7gP2PmDuXpYPzXfidjNy1ZiknzfD5V6hoFiChvWSganhPyldznR4EhPC6BI08fc6TT2xWkbDrUFJ2hBG8QaB8WVzn&nvMid=87705767055&catId=50001438
언더아머 남자 여자 유니섹스 커리 1 레트로 덥 네이션 농구화 3024397 101,"최저103,900원",https://cr.shopping.naver.com/adcr?x=AJxJITGP0bo049eoipbQ1f%2F%2F%2Fw%3D%3DsURHOcKY3oLml7mZn7%2BIrkitsp19fakSxrFSbR0UPa2DlCm6x%2BgQhd%2BxdDLc%2FHjPbVExuXGFt33J3tFa2AEjCHzXJD0NsZoE8wg%2BLc2SvDZhHRaISaXjSXtxpkOUV9xcVuG1G%2BhRrF3GrJewYvSwBm7dqwa7oZuQ9oKxVpaD7hA6Rc6cnxzBJjCo2wG1gChi02h%2FqNbmMd3P9tE5jamCbKQuIB8ncdehaYvLTVmrbJlGbSnFVRWoD47V615BcBaDAsfve8bDuxVAo0dEUOdt50GchR0fmdk%2BwkuyEJMh3NvjIyV8%2FkUBRfJuTaHUApaimi%2F9gfxsWYqp49FmoDM26ucv%2BjB2erv%2BZ%2Brrs5VHOiTRLlIk0uAh1LVcUK1nkYRMYKJ8YYk%2Bd%2FUJa%2Bf%2BOzqKRwTPK4Ijqj9AzM6%2BfgGGRxtFhRiSN1GFChwl49qZv%2BrzxT69xV6p56wr2PwrRRu0QBHzEWKIeSL8gCGko0muIXAQm7hQI1psASJ7jbtscSfUK%2BQ%2FASX8x7qiGN4GQTQ8gHrbjUNwAzbdIdz%2F6bf9Kt0oP7sxP9%2FOnA6hsmEJ3J1QSfxiHrpoKiXYm7SBYu06%2Fh1QMXzzOtZGpq8UhZuJO7nItyoSE6KxzK06m1%2BHQP34CzPQ9g%2BXpfltnyBezjfTYqX0EctgO3NWHop%2BxwJNzoPaOv%2B%2BG7P8zZs54SDuTec41tLdiYLxPvy%2FLnPypZaR0dzvnxcbxVpZ4wixmIw9MwtJoaKZHilHbuauHUigNM5KA&nvMid=50098017121&catId=50001438
나이키 에어 줌 GT컷 아카데미 EP 화이트 FV1299-100 지티컷 농구화,"89,000원",https://cr.shopping.naver.com/adcr?x=hzV1Xp87HCiWKNiQxCu45v%2F%2F%2Fw%3D%3DsuvLBCW4noTiYtFStkVyfACW4LDRfCoqpHBVSf8hv6cVGvCJ5VDo0OkZfWBPRmILmy3rdrGrjrqOlWZL8BZQpncKdlAuo4CRofAy%2FiHp8jqv8RtWXQ%2B4yWv%2FzzZujOpojmPiDyyV4X9O0QNdDJymink8BmcBQT%2Bdma3UX%2BNmiGYbPZsh2scoMUE6fd%2Bg9jZiQyaxxRm4H8HcYDi0B3B3iQmfQT7uWwvxdz8nMvhXCKF3PuKoRncgHhfrDSKUVTdF8QYqMhmHNSJbnCrgS7j8UhxKy3LoYl2rVajvOxbF9h7C54J8UO7LDGXdPU9Do8oyMXmq0wb8nQ9S1CNyVqQgAyMrBXBJ0ghLYRdo4Px53y6Zr8UxOw56qG0xFFJ%2FiFIvaHHtN%2BRUEhuqXbsSoxcjqs9I%2Bd7Noc6b2QLLLbdVCOOmAH7Xe0LarnCigU%2FpsVsKy2HfSwOc7PLF%2FlmNbk5E6MZg5RJ%2FgI85R5iZkbJMFCZr4Mq4fQK6LSi197tO91XlPopLwy7XH2FBhbNbPb6wsR8%2F%2FOJTucw4NBEKWysfHcW4RuZOt4jbMwTyDwnkijCA%2Fmy2kvZxOgG4TiOiucOf%2FQDzUaLji1QUfW5FQpucBI9DmFuFcCCeXNWkUkyhH7Vd3uP7E0JdWtm8LxsSEMW4cgtM9vp3wMwwysOgflvr0cvpXc50eBITwugSNPH3Ok09sVpGw61BSdoQRvEGgfFlc5w%3D%3D&nvMid=87505660896&catId=50001438
언더아머 유니섹스 커리 12 슈팅 스타 농구화 3027632 100,"최저132,300원",https://cr.shopping.naver.com/adcr?x=cJmbPEWuev66KN2euj11k%2F%2F%2F%2Fw%3D%3DsDgeckOtUCVpdfzliLaeRZrdhXETKqm2V9IFcvwMHVpZSiI%2FBjfMI9uWTKe765FvFKTEgYriB8DW4cjiQVQCqi2g6HabDTRx466CGciRiUnFBZuMfzSBinsMMtj7lqMfUxIstzGiatq8FUiURlENxebfgUNvhKikBxtfbhUT%2FUAId1uhfjIbhaL1mPJmTRj8N334rL%2BbR36BhYe0R%2FrUmjkI1yUrC8vID%2FKz%2F8c89qMtgIuixAF3%2BpRQZUgkolXILHVUVK6663DkIEm0wViA6pP2KdV%2FhEoOcsg1VF3o8xthBioyGYc1IlucKuBLuPxSHErLcuhiXatVqO87FsX2HsLngnxQ7ssMZd09T0OjyjIxearTBvydD1LUI3JWpCADInH36B5x5ercP%2FV0BFn6u3WovNxFWzA781dOsDXmXgY2YpMUNHhUA8sC8xKjEVL3pz%2Fs4NWngJLsLPyr8Pmac35w9%2FDMX2S1ZzF2txO07wpQrW9As8xAfBSfYIW9u2%2BNTkjIe1kW6Im6n5gUis8ydKH64JWvbcuQrZ3RnEWcRNa1PzMpjaQoLP59sqMJknkIuo64ifB9DVeZ8ffla9GlFdrsVE9ZRxBKMTdWA03kBP7wgTlU7STncdxJTjP90CglEYnHIcETcJifOE8sb44IMxV3WnCLs1coxK3%2BIOvBvkc%2BrVpqWW3cceBVBm9UFHYdPzY6of2Xpggjm6A4Z8HgJhg%3D%3D&nvMid=51555142801&catId=50001438
나이키 사브리나 2 EP(FZ1517-801),"149,000원",https://cr.shopping.naver.com/adcr?x=msxWopKPU0otLdEfc%2B0EOf%2F%2F%2Fw%3D%3DsvIdf4BaAg6sjI0LRM5MttjXUTMdk8KDERZwUdq%2F%2FGzpGvCJ5VDo0OkZfWBPRmILmanl%2Boqz%2FmB1hM%2B%2FbeY2FJ8KdlAuo4CRofAy%2FiHp8jqv8RtWXQ%2B4yWv%2FzzZujOpojmPiDyyV4X9O0QNdDJymink8BmcBQT%2Bdma3UX%2BNmiGYbPZsh2scoMUE6fd%2Bg9jZiQyaxxRm4H8HcYDi0B3B3iQmfQT7uWwvxdz8nMvhXCKF2fsR8C0IT4KI%2FvEWtb4YfrZznAAH%2FDJkgOxgHmnSf1jTForf4nGUgPwiv53t%2BtlmqAbCY81f975eS5nfR25FBiP83WAv8GAIoQ0MwLPWeb%2Fe%2FpSVq5Q11ALMv6izgkSmHLwKO5daHxeg4TUtGnNfwk6WeZGNkZYbW5x1irENPzDHVU56PP5cxqcU4O8KsuxHGMHn7BDBNaqXNmoKbAeTMvTHGfOI0cSPqS2zi5%2F%2BK8OOh0Y4XvMVF%2B2lwi81jdXw1SknnswE5bwq0lbNH%2BPjicDYgssGSqVIl1WHE9nmWjt%2BBlQYvm%2BLMJL744HbLo6WoP7UbNjIJABWwM7q6UxJuWbtHqrey7T9u%2FrKGFQBlVTD3bMFainkeSVOG2vBt02FlT3WTqw8XnYCI9DTGr11vGDhLBwu%2FFQS5xWYf5w6G3jQ%3D%3D&nvMid=89207517059&catId=50001438
[국내 매장판] 나이키 야니스 이모탈리티 3 EP DZ7534-100,"58,900원",https://cr.shopping.naver.com/adcr?x=k8T8I8Ck2dfdRtTjlN3%2BS%2F%2F%2F%2Fw%3D%3Ds89nKI6OYsdEZ4McvEsJW3inW5nPJVTGWVrwAsdAaEfBGvCJ5VDo0OkZfWBPRmILmBrod8f1x%2FVecWgZKRjHIn8KdlAuo4CRofAy%2FiHp8jqv8RtWXQ%2B4yWv%2FzzZujOpojmPiDyyV4X9O0QNdDJymink8BmcBQT%2Bdma3UX%2BNmiGYbPZsh2scoMUE6fd%2Bg9jZiQyaxxRm4H8HcYDi0B3B3iQmfQT7uWwvxdz8nMvhXCKF0a%2ByC%2B5aBVIfST59mhmxDlZznAAH%2FDJkgOxgHmnSf1jTForf4nGUgPwiv53t%2BtlmqAbCY81f975eS5nfR25FBiP83WAv8GAIoQ0MwLPWeb%2FaaRK0vi7E3AmgX3awkHBG2VdfE%2FHv7FmRgCyadV5W083cjQrMzneG21QgpXFgvQyYPiVS78i9akx3MF92VQLqEVlyFDCq%2BZVFE5vJHx3cUBfxI5yoXCYwwX3smsp6cJIBsRwlplRncY%2B4u0%2BbbFMAH0Ifv7z%2B%2BPgOkjxRV%2F6w%2F%2F%2Bpey9B%2Fxjt0u5zPJsjGuI3ukuv4hGe4iw6WSthU7IQAWbTgm%2BbZHH3DqUx%2BlKfn1P5GTN6AlYKH6%2FgmWuoCiezAi%2BB4xa5WacM0sKBUS6wOl4OFmgDeQYQkj%2F92STP%2B2GW3Z%2BsuGKijlQ6%2F49SiaIgDJAZHBztKtyXRKnpg%2F8dlB0CIl3BeKsFF2drF%2B%2BsFv&nvMid=88252396225&catId=50001438
해외나이키 자 3 EP 모란트 라이트 쇼 HF2794-100,"171,000원",https://cr.shopping.naver.com/adcr?x=1TSydUPpirW3ZEG%2BvvigGv%2F%2F%2Fw%3D%3DspcMTLR8sf4nNxwAvr70dhSJ31HkkB3S4XuAvIoc2n8FGvCJ5VDo0OkZfWBPRmILmG5sMzXqq2GaDfMGLqmkgfsKdlAuo4CRofAy%2FiHp8jqv8RtWXQ%2B4yWv%2FzzZujOpojmPiDyyV4X9O0QNdDJymink8BmcBQT%2Bdma3UX%2BNmiGYbPZsh2scoMUE6fd%2Bg9jZiQyaxxRm4H8HcYDi0B3B3iQmfQT7uWwvxdz8nMvhXCKF0HoJZmI0lOUon%2BhKa%2B21jzZznAAH%2FDJkgOxgHmnSf1jTForf4nGUgPwiv53t%2BtlmqAbCY81f975eS5nfR25FBiP83WAv8GAIoQ0MwLPWeb%2FXgSilQsgpLYdplFETXWWWSUrxsTFYXDgKOD6OBRIt%2B4SAXXYQxclIvQpAnIEx7IztS7IZmLyHCQSbe9jgaRJrzN81WjUpxJVJrN5mDsz4BpyrYzpAjlZRTs7sqdC54Cu131NX475QZQ04LJUrQGOPK7lBlto1hXyfETdI283%2B%2BHl59ItgUZ0sKneGQivbMFl2nb6efUBZsMPovee1nBMUky1y7fmu2q2mm7TpYw8X7WkAlOKwPahCEyYd9E%2Blamju2q1cFMha7%2BJUpPOatyKAT078RUG2VSdpOiKrfkGma9fWEsFyyjA53fSfxtdgOJVYKoDr6us%2BRKRCOTdsWr9TI%3D&nvMid=89752048872&catId=50001438
나이키 JA2 EP(FD7327-003) 자모란트 자2 농구화,"105,000원",https://cr.shopping.naver.com/adcr?x=1rJTLiJp9YpESgAf0oxFlv%2F%2F%2Fw%3D%3DsZIjkpFl9fKYpTga%2BINfCoSMdPuilgVdNOQD3RJuY%2FXtGvCJ5VDo0OkZfWBPRmILmCF9DIvgzO9TSqTjqhErrssKdlAuo4CRofAy%2FiHp8jqv8RtWXQ%2B4yWv%2FzzZujOpojmPiDyyV4X9O0QNdDJymink8BmcBQT%2Bdma3UX%2BNmiGYbPZsh2scoMUE6fd%2Bg9jZiQyaxxRm4H8HcYDi0B3B3iQmfQT7uWwvxdz8nMvhXCKF1gJV7Lgf%2BWSrR1E6Fgj3L9ZznAAH%2FDJkgOxgHmnSf1jTForf4nGUgPwiv53t%2BtlmqAbCY81f975eS5nfR25FBiP83WAv8GAIoQ0MwLPWeb%2FaK0hMEf8bL8CLH0JOWfJfnLwKO5daHxeg4TUtGnNfwk6WeZGNkZYbW5x1irENPzDPPJN6KYketv4xHrFNvSxmKMHn7BDBNaqXNmoKbAeTMv6eI35Z%2BWVRSzN8RMxY0d4VT6ML3AYZl%2FAQebGsg4tSITh1Uogk2dqxCIiSQWQWliivDSpcmMbQpWrygZeeYooyQqgXW0utY2Duq7BlDUcJ44TxsTJAiGDHh68kAmV0CadH0g2z1mnGI56RXn%2BRsxcWD0H%2Fr9LY6yhRZP1Um19J5lf6aEhF7q3Ft9HEw7zBDOxShoFxYaqc%2FzaZb2kjPHjQ4SwcLvxUEucVmH%2BcOht40%3D&nvMid=88638335193&catId=50001438
해외아식스 젤버스트 26 로우 농구화 트리플블랙 1063A057-001,"최저91,400원",https://cr.shopping.naver.com/adcr?x=y7uerhywm8WJegmUtZKBBf%2F%2F%2Fw%3D%3DskHXjCPUe7ixVJW1dvPiWNOFU33ItXRxntXAfMqqclkJGvCJ5VDo0OkZfWBPRmILmN7pdOxyryWc%2BdFHBA%2BWpDMKdlAuo4CRofAy%2FiHp8jqv8RtWXQ%2B4yWv%2FzzZujOpojmPiDyyV4X9O0QNdDJymink8BmcBQT%2Bdma3UX%2BNmiGYbPZsh2scoMUE6fd%2Bg9jZiQhmeWtJmvw8M90EK%2Bzy5a114nEdwofithSFzlLG8az9AM12KPVVyZgnnfgpGAKz2zh4Ppu01ZhicvQ%2F0bOyKdU4gh2GUvosXO1uPLAgoYvdc%2BYn8rc0jk6BxBPgpqZ3xRSfM6FFiPhWnKHstanqiy0FVd6Z%2BmZ5fvTALbBBPmfKLmnGLANk9TjQtjOEdf9xG%2Frr8GGmOGoPzszTZ64fLcoSEhb%2B5%2BbgCLWD5ufmjwVaDdyNCszOd4bbVCClcWC9DJeNH%2Bqav5bRPLmFZYrnm5%2BKAhfbmRc6T9Q91MqoVII6qskoLjDvY0pw%2FEW7H4zM5afnJAhPhP7ZL1lilXdhg2v11QkOEe2W8Il9RsJCIEYh4hR86Y8Zl0Mxl7JCJH%2FDdPm26AnULU1%2BsZD%2Bg%2BwGJoKKOuInwfQ1XmfH35WvRpRXaNtn9nz9gQvvMXQmnfBJTgsSQ6JsIgEksD8VcWi77JnBGk4XMJtozo5T3u6g%2BJ%2BOtDDL9CxUIhLhHn8XRDKMPKutrRN20bO1bSyx4FNjQju8cgIRCk8vtGb7Z%2FKGMSEdE%3D&nvMid=56630314350&catId=50001438
언더아머 커리 4 Flotro 3024861-103,"최저140,000원",https://cr.shopping.naver.com/adcr?x=lhj5dkLBRPqfbPAv49Cs4%2F%2F%2F%2Fw%3D%3DsYgBOeYkUivkNl48gDWSkfJYTFoTC%2FTMRH3lol25rhPnlCm6x%2BgQhd%2BxdDLc%2FHjPbRbVAZXg04QYMaplLX97LDjXJD0NsZoE8wg%2BLc2SvDZhHRaISaXjSXtxpkOUV9xcVuG1G%2BhRrF3GrJewYvSwBm7dqwa7oZuQ9oKxVpaD7hA6Rc6cnxzBJjCo2wG1gChi02h%2FqNbmMd3P9tE5jamCbKQuIB8ncdehaYvLTVmrbJlEmCmVMQXmZ%2FaX8EcqTQHCuKi3D2HiXDUnVo09l9HXa8WchR0fmdk%2BwkuyEJMh3NvjIyV8%2FkUBRfJuTaHUApaimi%2F9gfxsWYqp49FmoDM26ucv%2BjB2erv%2BZ%2Brrs5VHOiTRLlIk0uAh1LVcUK1nkYRMYq179a7EdqzDrKYEERv4btC22bW0WWZwDp96Ua1WTqPFhRiSN1GFChwl49qZv%2BrzxgLkAcZvnIT7ojkE%2BntUU0QZUmNA4gxLTebXdgCfMUNDHnLkDDphWreS39QoFw9T0AfUDEoy3YTNHvIAa4RZzMDyarn6O0Kp2aTpr1Wvt6%2BzJln0r2foXE9GZyKu98ijdArw2IlxLeMGw8EdL8R8zUsLSGId%2BZ%2FOYAjRfVwLnTYoefYujayagRm1%2B5%2BZLWhV6I%2Fs2nj3QthuyfQ6eP3Yq5iLYOSg5gV729N%2FWwIWc7h1B0CIl3BeKsFF2drF%2B%2BsFv&nvMid=53808653346&catId=50001438
나이키 GT컷 아카데미 EP(FB2598-105) 지티컷 농구화,"83,000원",https://cr.shopping.naver.com/adcr?x=hxgdlHPIEZpmUajAngS1av%2F%2F%2Fw%3D%3Ds3OUgQuMdEtCGpd0NhMm%2Bg5BH%2FriyOV4RtfYvwAaEeATlCm6x%2BgQhd%2BxdDLc%2FHjPbNKklFBYnCA%2B%2FboFIJ4eYFTXJD0NsZoE8wg%2BLc2SvDZhHRaISaXjSXtxpkOUV9xcVuG1G%2BhRrF3GrJewYvSwBm7dqwa7oZuQ9oKxVpaD7hA6Rc6cnxzBJjCo2wG1gChi0hNAWEw0JCsb7LJXBJqKWV9015zgK%2BP5r4ZCysDfiDpXOola4RkqtrmAD5TEbPPnbxotwadV6WE8OJfHPmCWXy8Q6rdokiZlnBZhVWbnuXZrDpmNu2Rs3tEPrV0ZTODsbWqyaFa2xLbpwGCJChqMDqoO%2FaGIZKiXSfiwpztiMLoFVhtRvybXXRV3%2Bs%2B5yIvpKfF%2FpXGvkEo3dFOSf0iOLBmXpVrb7JN3o6JHX8f7HaKOL84blmyM1421S%2FbvbzuOPLaUlPnGYsGZ4%2FshHIOWHTfj%2FICDhXG7I5xtMzXLAowpdKybe3TcLpKg2aeXkeeRPtTnWLD9lpdbeaG%2BfI5%2F%2BuHKYFeelgXPmV91FSDY1Tba4aZg5d9UJtlx1FRV2JA4OukZcoq5256fIpRnfGqA1czrN5RfzDQSR1qbBhbwKuysFYvwEE2v7j%2FcvE04wzeZRZ7MK0ZG5%2B1E6Y0r8hpjAVG9TZjqEQTAbFzUBl8432wvhVEAf6wwM5tqtSh0bB5Hx&nvMid=88225732951&catId=50001438
해외언더아머 커리 10 스플래쉬 파티 Curry10 Splash Party 3026271-100,"최저129,900원",https://cr.shopping.naver.com/adcr?x=smMV7FT%2F8Y65SaasvA8WY%2F%2F%2F%2Fw%3D%3DscBUEz12r0IMBXXlbFmfdq0QCoQCj3dXOPXa1vIz5l8dSiI%2FBjfMI9uWTKe765FvFC8PU1EFxqVuEVDq9lBn6Hmg6HabDTRx466CGciRiUnFBZuMfzSBinsMMtj7lqMfUxIstzGiatq8FUiURlENxebfgUNvhKikBxtfbhUT%2FUAId1uhfjIbhaL1mPJmTRj8N334rL%2BbR36BhYe0R%2FrUmjkI1yUrC8vID%2FKz%2F8c89qMs%2FXYmYh3sEBcTJyHivavehHVUVK6663DkIEm0wViA6pP2KdV%2FhEoOcsg1VF3o8xthBioyGYc1IlucKuBLuPxSHErLcuhiXatVqO87FsX2HsLngnxQ7ssMZd09T0OjyjIxearTBvydD1LUI3JWpCADI6uqDD1sxR6Oq%2FQ%2FKsmbLiGovNxFWzA781dOsDXmXgY2YpMUNHhUA8sC8xKjEVL3pXwZf01I%2Fz9o03yUgrrhfq5w9%2FDMX2S1ZzF2txO07wpR0IeY5C198EE1%2FrmpC8KtX%2BTF1yTUy%2FcZ4dufGBxLTI0koajUAyls3MuKjU3mVK4%2F1pUsNaUaSjQbiyDpt0JSlMtZp%2Bz05JpMfRbllixMZlBss3gyRjf0v7QlvWLg0aiKGqJZAklQRL%2Bac5FuhCGQvZMgHHLJNTVl4GQBkesGqhYgN%2F1NgM4LgvOAJ6Euy6vlPqh4Wy3Iu1QsWztaMGmUYRDrEVd10eiX1NfqRF6sIDFdznR4EhPC6BI08fc6TT2xWkbDrUFJ2hBG8QaB8WVzn&nvMid=41360997010&catId=50001438
나이키 운동화 CQK 루카 77 PF 블러드라인 농구화 HF0819-101,"최저85,000원",https://cr.shopping.naver.com/adcr?x=4O5X7rEdXmhnmb4OXJCRrf%2F%2F%2Fw%3D%3DsXmwxk0KLv0jAvhURMh5RAMyoHRWGJ2hFSl96rygASxJSiI%2FBjfMI9uWTKe765FvFizY9kdcSQGM57hiRlZsbTmg6HabDTRx466CGciRiUnFBZuMfzSBinsMMtj7lqMfUxIstzGiatq8FUiURlENxebfgUNvhKikBxtfbhUT%2FUAId1uhfjIbhaL1mPJmTRj8N334rL%2BbR36BhYe0R%2FrUmjkI1yUrC8vID%2FKz%2F8c89qMtaDwhngOejJBxQXD89aKOmHVUVK6663DkIEm0wViA6pP2KdV%2FhEoOcsg1VF3o8xthBioyGYc1IlucKuBLuPxSHErLcuhiXatVqO87FsX2HsLngnxQ7ssMZd09T0OjyjIxearTBvydD1LUI3JWpCADIMn%2BZ5eCiTGDl8eJ7Ijq%2FOGovNxFWzA781dOsDXmXgY2YpMUNHhUA8sC8xKjEVL3pLMIrL1Hjbjn7rfO%2B8yji0pw9%2FDMX2S1ZzF2txO07wpSJI54Fe3lThoR%2B9%2BeM7OF2jmSHKepfLNNNh7TrIILz4O5AiruwZwAGZFBMocfEb9Ry%2BcYHv8TbSKkbdqsQkklsRMYEUPquxPe1w0%2FOZVpQGzjYNa%2BinJKsUs4bhzQvjBB2tXMbApA39sK%2FOf3CEO7LAYTYOqTv%2FsOm0kcFv3bjpGtbsiZH3aOr9L%2FeCz6hn9kfyGj96KnflFcYiLX7%2BKKib1NmOoRBMBsXNQGXzjfbC%2BFUQB%2FrDAzm2q1KHRsHkfE%3D&nvMid=54435756784&catId=50001438
[국내 매장판] 나이키 에어 모어 업템포 로우 화이트 FZ3055-100,"144,900원",https://cr.shopping.naver.com/adcr?x=iCtTAuMYV59LKAwcvMGqav%2F%2F%2Fw%3D%3DsHch6sXGEH7%2B9%2FM5yjFI9Sf1BS9CpM21vKK%2B%2FwpDXvRJGvCJ5VDo0OkZfWBPRmILmshy8G2q8CnUlsnDJ6tOka8KdlAuo4CRofAy%2FiHp8jqv8RtWXQ%2B4yWv%2FzzZujOpojmPiDyyV4X9O0QNdDJymink8BmcBQT%2Bdma3UX%2BNmiGYbPZsh2scoMUE6fd%2Bg9jZiQyaxxRm4H8HcYDi0B3B3iQmfQT7uWwvxdz8nMvhXCKF2uBK14a38i2PchBmRx8fiFZznAAH%2FDJkgOxgHmnSf1jTForf4nGUgPwiv53t%2BtlmqAbCY81f975eS5nfR25FBiP83WAv8GAIoQ0MwLPWeb%2FQOle0MnPzcyf3v9lZ7Esm6VdfE%2FHv7FmRgCyadV5W083cjQrMzneG21QgpXFgvQyX9vWd7AcHf%2Br8V%2FSU2P8E4VlyFDCq%2BZVFE5vJHx3cUBfxI5yoXCYwwX3smsp6cJICAO0SasDniK%2FpCdr5ZrxmHkHRJ2vALr1eLFN2sYy6uNNH63NuvXg8RBQ2PD0sAxC6FqCB06Uxa7ffrL5XGxKmrCcgl5e5WkMBC2AWhBt9ZuX3FOIFNUxg0ba0JybDeyfViExZEUxOZ8xPXuJ0J75JQ9NYWEvAEVmcdMeOlqju2TJ5LL3AilMTmfmcOSBMRXKXVwp6wnsuopiM4li65fpnJWhZ3SMHTcLlpircdRzUgq1JIslBmdxaTx7xO1%2BPPoWw%3D%3D&nvMid=89472679268&catId=50001438
나이키 GT컷 아카데미 EP(FB2598-013) 지티컷 농구화,"83,000원",https://cr.shopping.naver.com/adcr?x=ugA4Fq%2FGb7x6a6ZJjpfVUP%2F%2F%2Fw%3D%3Dsv71s%2B354Q4ZYWqO%2B3wZg%2Ba6q0zwvJWTtLv2TOQnDlzVGvCJ5VDo0OkZfWBPRmILmmtP1ApB94sajspMt7e%2Fq0cKdlAuo4CRofAy%2FiHp8jqv8RtWXQ%2B4yWv%2FzzZujOpojmPiDyyV4X9O0QNdDJymink8BmcBQT%2Bdma3UX%2BNmiGYbPZsh2scoMUE6fd%2Bg9jZiQyaxxRm4H8HcYDi0B3B3iQmfQT7uWwvxdz8nMvhXCKF0nSI9BfuenTK0RmB3Gzn2DZznAAH%2FDJkgOxgHmnSf1jTForf4nGUgPwiv53t%2BtlmqAbCY81f975eS5nfR25FBiP83WAv8GAIoQ0MwLPWeb%2FcOTvmTYSI%2BsGN1Qv2PtANvLwKO5daHxeg4TUtGnNfwk6WeZGNkZYbW5x1irENPzDO8xM9egjYoe9gVq1VRNtu6MHn7BDBNaqXNmoKbAeTMv0nZsBaF%2FsJrs3K7g6FZlmnQTu8RK3zxCw0aVDLSybUfBVVHzxTSC7x6FQQt6Gyv3uE7qBX2o1Y5RL%2FUWmqbuicJyCXl7laQwELYBaEG31m6%2BSOYlDpPWDCncDHH%2BucoTo64FkP9CQbIx7neKc6Octd65%2BLVo9opj8WWv8ii7gP1KG2UooBszATL4hpDXovn9E1UUC4hzms1%2BbAz%2F8Z4mAldznR4EhPC6BI08fc6TT2xWkbDrUFJ2hBG8QaB8WVzn&nvMid=87800413167&catId=50001438
국내발송 나이키 에어 줌 GT컷 아카데미 EP 지티컷 농구화 FB2598-105,"89,000원",https://cr.shopping.naver.com/adcr?x=JPDRtgVW0lSr8IVKtedx6P%2F%2F%2Fw%3D%3DsdET30EbLUtKbka93Pcssox1He1mYnmh8nmc1w%2B5hk99GvCJ5VDo0OkZfWBPRmILmSegLqbHAQsKWNe%2BkrJnJ2cKdlAuo4CRofAy%2FiHp8jqv8RtWXQ%2B4yWv%2FzzZujOpojmPiDyyV4X9O0QNdDJymink8BmcBQT%2Bdma3UX%2BNmiGYbPZsh2scoMUE6fd%2Bg9jZiQyaxxRm4H8HcYDi0B3B3iQmfQT7uWwvxdz8nMvhXCKF314AzJUA0%2FHGNiFWkdq6c9ZznAAH%2FDJkgOxgHmnSf1jTForf4nGUgPwiv53t%2BtlmqAbCY81f975eS5nfR25FBiP83WAv8GAIoQ0MwLPWeb%2FYPdi5BiD3SKmaLKEkZ2rgPBxMQTDJSfwMU603Xb%2B58V3cjQrMzneG21QgpXFgvQyY%2FAbcbnqQvWBgoYzdUEDZTp%2BWgLGvZiZkHmgOfnw6DoNyPB4NiFpilZS2y3WxJ49xeP8QbqeXZW9ENCXDCk1D5eU%2FvpmXtLUJoV7%2BIf9E76oWcWyMr8uS6P6TWBk5cH%2B21JL2yiDcXOlZWLlThDlSl4RvUQiiXomaw%2BfzQsEG8UNDRc5mWolNerMNsHWFse9qlUxro0hLddnhHcv0bBrgEwIvgeMWuVmnDNLCgVEusDiocwXtRm%2BBYe87bPrcV%2FsSrtmweCrKx6pYWNCXoHln75g9IjrJQF83UEHHnX9d3XQdAiJdwXirBRdnaxfvrBbw%3D%3D&nvMid=87800614478&catId=50001438
[국내매장판] 나이키 주니어 농구화 에어조던 코트사이드 23 GS AR1002 104 006,"76,000원",https://cr.shopping.naver.com/adcr?x=OPHikJNsG4gVvKn6CJZJSP%2F%2F%2Fw%3D%3Ds6O6%2FFHDqzqG8av0k%2FOALBNdHMNyYuEkLiDmo2c%2FKAD9GvCJ5VDo0OkZfWBPRmILmSueIaGxZybU8V6R7ko%2BNzsKdlAuo4CRofAy%2FiHp8jqv8RtWXQ%2B4yWv%2FzzZujOpojmPiDyyV4X9O0QNdDJymink8BmcBQT%2Bdma3UX%2BNmiGYbPZsh2scoMUE6fd%2Bg9jZiQyaxxRm4H8HcYDi0B3B3iQmfQT7uWwvxdz8nMvhXCKF2NY9R7tjNueE5U5R6oaT1hZznAAH%2FDJkgOxgHmnSf1jTForf4nGUgPwiv53t%2BtlmqAbCY81f975eS5nfR25FBiP83WAv8GAIoQ0MwLPWeb%2FVy9UamdxEWUGfiNbQvJy9H9u6pUwhJQjJcuaMDDI2SZ6WeZGNkZYbW5x1irENPzDIz2aFaQU8DoOLYikooTpq6MHn7BDBNaqXNmoKbAeTMv01uJnEHjhE4cGAtV57F%2BkZu3yPmLLtV%2FCJTBhxJALYIczlj0%2FIhUgtvbZTOBo446l%2BhHwKTS9HhpQdl5R6sArQ4eDVTz0MI9EBtoZmim5WvLcnZmo5k1YOfJIkLihCZxi4v1bfHz%2FmQXPe%2FWEla%2Fnh2SKpzW%2FR3U7sz5b2iyGrtPrvDBiuv%2F%2BaGivreLpWRpK35uyNQwQfi6L7OOg3XVI1UrJkgfSU2pHrCydPijR4V6xI9payP4QPlu29RoVLDHA35CyMrpXQUt3%2FJvHupy5s1ITc7NlRPvorKrNyQBKaY%3D&nvMid=88493448259&catId=50001438
국내발송 나이키 자모란트 JA2 EP 블랙팬텀 자2 FD7327-001,"99,000원",https://cr.shopping.naver.com/adcr?x=EYSw%2FWLsRWXK8fhMfAbsiv%2F%2F%2Fw%3D%3DsKIY4maJtrqOaQAYNmXVKSHR8nKVWLNsxTPjeDfCtYIJGvCJ5VDo0OkZfWBPRmILmWw4eejrqeQrAbyblID2uLcKdlAuo4CRofAy%2FiHp8jqv8RtWXQ%2B4yWv%2FzzZujOpojmPiDyyV4X9O0QNdDJymink8BmcBQT%2Bdma3UX%2BNmiGYbPZsh2scoMUE6fd%2Bg9jZiQyaxxRm4H8HcYDi0B3B3iQmfQT7uWwvxdz8nMvhXCKF0r3eXUi4J6G6%2FthRRHR1pLZznAAH%2FDJkgOxgHmnSf1jTForf4nGUgPwiv53t%2BtlmqAbCY81f975eS5nfR25FBiP83WAv8GAIoQ0MwLPWeb%2FTU1YPSiuPbzZMjNEA%2BQ19zBxMQTDJSfwMU603Xb%2B58V3cjQrMzneG21QgpXFgvQyf8F18zwAxpy3LLYLgL3LIfp%2BWgLGvZiZkHmgOfnw6DoNyPB4NiFpilZS2y3WxJ496nIqta74k%2FZMbqA6xameoq8eo3EV3cnN2IQWUe%2Fqem3grWXeeOYXE13Tmi3g%2BHFL%2B1g3axLo5sbyWCaKtTK%2BhTVEb2poHQijgvlH1juyG4a5gjD801NXMyplUtiUiNpgXvJEjntGCkjvhDN6olz8XTcd18PEMqYeM0WUOvES%2FAMwX7R9zZlelBigzYadxOVZXAOnKBcCjcy0myLYrKmrkBB0CIl3BeKsFF2drF%2B%2BsFv&nvMid=88653010060&catId=50001438
